"","feed_pub_date","item_title","item_description","item_link"
"1",2021-01-20 14:02:00,"EU and BioNTech/Pfizer clash over reduced vaccine deliveries - Financial Times","EU and BioNTech/Pfizer clash over reduced vaccine deliveries&nbsp;&nbsp;Financial TimesEuropeans Clash With Pfizer, BioNTech Over Covid-19 Vaccine Deliveries&nbsp;&nbsp;The Wall Street JournalNorway ready for reduced Pfizer/BioNTech vaccine into Feb&nbsp;&nbsp;Yahoo News UKNorway Stockpiles Vaccines For Emergency Use, Will Wait For Pfizer/BioNTech Vaccines By Feb&nbsp;&nbsp;India.comManitoba reassessing vaccine appointments after 2nd reduction in Pfizer-BioNTech shipments&nbsp;&nbsp;CBC.caView Full coverage on Google News","https://www.ft.com/content/59a014d0-aacc-43a5-b061-8ea4b25c3c00"
"2",2021-01-20 14:02:00,"BioNTech/Pfizer vaccine found effective against Covid-19 variant - Financial Times","BioNTech/Pfizer vaccine found effective against Covid-19 variant&nbsp;&nbsp;Financial TimesPfizer and BioNTech, scaling up for 2B coronavirus vaccine doses, temporarily cut deliveries in EU, Canada&nbsp;&nbsp;FiercePharmaPfizer-BioNTech vaccine found to be effective against Covid variant discovered in UK&nbsp;&nbsp;CNBCBioNTech-Pfizer vaccine likely to protect against highly infectious UK variant&nbsp;&nbsp;DW (English)Pfizer, BioNTech's COVID-19 vaccine likely to be effective against UK strain&nbsp;&nbsp;PharmaTimesView Full coverage on Google News","https://www.ft.com/content/943c8ca9-0c92-4366-8ab4-b569a1e123b8"
"3",2021-01-20 14:02:00,"Pfizer-BioNTech Shot Likely to Foil Mutant, New Study Shows - Bloomberg","Pfizer-BioNTech Shot Likely to Foil Mutant, New Study Shows&nbsp;&nbsp;Bloomberg","https://www.bloomberg.com/news/articles/2021-01-20/pfizer-biontech-shot-likely-to-defeat-mutant-new-study-shows"
"4",2021-01-20 14:02:00,"BioNTech and Pfizer plan to supply 700m more Covid vaccine doses - Financial Times","BioNTech and Pfizer plan to supply 700m more Covid vaccine doses&nbsp;&nbsp;Financial Times","https://www.ft.com/content/338fa31b-6b4d-4184-b41b-98388652a943"
"5",2021-01-20 14:02:00,"Stolen Pfizer/BioNTech Covid-19 vaccine data leaked - ComputerWeekly.com","Stolen Pfizer/BioNTech Covid-19 vaccine data leaked&nbsp;&nbsp;ComputerWeekly.com","https://www.computerweekly.com/news/252494741/Stolen-Pfizer-BioNTech-Covid-19-vaccine-data-leaked"
"6",2021-01-20 14:02:00,"Commission proposes to purchase up to 300 million additional doses of BioNTech-Pfizer vaccine - EU News","Commission proposes to purchase up to 300 million additional doses of BioNTech-Pfizer vaccine&nbsp;&nbsp;EU News","https://ec.europa.eu/commission/presscorner/detail/en/ip_21_9"
"7",2021-01-20 14:02:00,"Remember normal? Pfizer and BioNTech join with health groups to remind us—and promote COVID-19 vaccine safety - FiercePharma","Remember normal? Pfizer and BioNTech join with health groups to remind us—and promote COVID-19 vaccine safety&nbsp;&nbsp;FiercePharma","https://www.fiercepharma.com/marketing/pfizer-and-biontech-join-health-groups-to-promote-covid-19-vaccine-safety"
"8",2021-01-20 14:02:00,"Chinese state media attacks BioNTech-Pfizer vaccine, even as China prepares to roll it out - Fortune","Chinese state media attacks BioNTech-Pfizer vaccine, even as China prepares to roll it out&nbsp;&nbsp;Fortune","https://fortune.com/2021/01/20/china-covid-vaccine-pfizer-biontech-norway/"
"9",2021-01-20 14:02:00,"Pfizer, BioNTech cut back vaccine deliveries to EU at 'short notice' - Deutsche Welle","Pfizer, BioNTech cut back vaccine deliveries to EU at 'short notice'&nbsp;&nbsp;Deutsche Welle","https://www.dw.com/en/pfizer-biontech-cut-back-vaccine-deliveries-to-eu-at-short-notice/a-56237275"
"10",2021-01-20 14:02:00,"Hong Kong health chief set to approve Covid-19 jab as storage facility selected - South China Morning Post","Hong Kong health chief set to approve Covid-19 jab as storage facility selected&nbsp;&nbsp;South China Morning Post","https://www.scmp.com/news/hong-kong/health-environment/article/3118557/coronavirus-hong-kong-set-approve-biontech-jab"
"11",2021-01-20 14:02:00,"Coronavirus company news summary - Pfizer/BioNTech Covid-19 vaccine found to be effective against UK variant - GC Pharma moves closer to submitting a EUA in Korea for its plasma Covid-19 therapy - pharmaceutical-technology.com","Coronavirus company news summary - Pfizer/BioNTech Covid-19 vaccine found to be effective against UK variant - GC Pharma moves closer to submitting a EUA in Korea for its plasma Covid-19 therapy&nbsp;&nbsp;pharmaceutical-technology.com","https://www.pharmaceutical-technology.com/uncategorised/coronavirus-company-news-summary-pfizer-biontech-covid-19-vaccine-found-to-be-effective-against-uk-variant-gc-pharma-moves-closer-to-submitting-a-eua-in-korea-for-its-plasma-covid-19-therapy/"
"12",2021-01-20 14:02:00,"EU set to more than double supply of BioNTech/Pfizer Covid vaccine - Financial Times","EU set to more than double supply of BioNTech/Pfizer Covid vaccine&nbsp;&nbsp;Financial Times","https://www.ft.com/content/f30859b3-98e6-42bb-831e-070b98b4e5de"
"13",2021-01-20 14:02:00,"BioNTech, firm behind Pfizer's COVID-19 jab, develops potential vaccine for multiple sclerosis - Yahoo Finance UK","BioNTech, firm behind Pfizer's COVID-19 jab, develops potential vaccine for multiple sclerosis&nbsp;&nbsp;Yahoo Finance UK","https://uk.finance.yahoo.com/news/biontech-pfizer-covid-19-vaccine-multiple-sclerosis-160017529.html"
"14",2021-01-20 14:02:00,"WHO clears Pfizer/BioNTech coronavirus vaccine for emergency use - POLITICO.eu","WHO clears Pfizer/BioNTech coronavirus vaccine for emergency use&nbsp;&nbsp;POLITICO.eu","https://www.politico.eu/article/who-clears-pfizer-biontech-coronavirus-vaccine-emergency-use/"
"15",2021-01-20 14:02:00,"The inside story behind Pfizer and BioNTech's new vaccine brand name, Comirnaty - FiercePharma","The inside story behind Pfizer and BioNTech's new vaccine brand name, Comirnaty&nbsp;&nbsp;FiercePharma","https://www.fiercepharma.com/marketing/pfizer-biontech-select-comirnaty-as-brand-name-for-covid-19-vaccine"
"16",2021-01-20 14:02:00,"Pfizer and BioNTech to Supply the U.S. with 100 Million Additional Doses of COVID-19 Vaccine - GlobeNewswire","Pfizer and BioNTech to Supply the U.S. with 100 Million Additional Doses of COVID-19 Vaccine&nbsp;&nbsp;GlobeNewswire","https://www.globenewswire.com/news-release/2020/12/23/2149918/0/en/Pfizer-and-BioNTech-to-Supply-the-U-S-with-100-Million-Additional-Doses-of-COVID-19-Vaccine.html"
"17",2021-01-20 14:02:00,"EU to approve extraction of sixth dose from Pfizer-BioNTech vaccine vials - EURACTIV","EU to approve extraction of sixth dose from Pfizer-BioNTech vaccine vials&nbsp;&nbsp;EURACTIV","https://www.euractiv.com/section/health-consumers/news/eu-to-approve-extraction-of-sixth-dose-from-pfizer-biontech-vaccine-vial/"
"18",2021-01-20 14:02:00,"COVID vaccine: BioNTech plans 2 billion doses this year - DW (English)","COVID vaccine: BioNTech plans 2 billion doses this year&nbsp;&nbsp;DW (English)","https://www.dw.com/en/covid-vaccine-biontech-plans-2-billion-doses-this-year/a-56198054"
"19",2021-01-20 14:02:00,"Pfizer and BioNTech to Supply the European Union with 100 Million Additional Doses of COMIRNATY® - GlobeNewswire","Pfizer and BioNTech to Supply the European Union with 100 Million Additional Doses of COMIRNATY®&nbsp;&nbsp;GlobeNewswire","https://www.globenewswire.com/news-release/2020/12/29/2151380/0/en/Pfizer-and-BioNTech-to-Supply-the-European-Union-with-100-Million-Additional-Doses-of-COMIRNATY.html"
"20",2021-01-20 14:02:00,"BioNTech and Pfizer warn of vaccine supply gaps - Yahoo Finance UK","BioNTech and Pfizer warn of vaccine supply gaps&nbsp;&nbsp;Yahoo Finance UK","https://uk.finance.yahoo.com/news/biontech-pfizer-warn-of-vaccine-supply-gaps-coronavirus-163012550.html"
"21",2021-01-20 14:02:00,"UPDATE 1-Baxter to start production in Germany of BioNTech/Pfizer vaccine by early March - Reuters","UPDATE 1-Baxter to start production in Germany of BioNTech/Pfizer vaccine by early March&nbsp;&nbsp;Reuters","https://www.reuters.com/article/health-coronavirus-vaccines-baxter-intl/update-1-baxter-to-start-production-in-germany-of-biontech-pfizer-vaccine-by-early-march-idUSL8N2JO32D"
"22",2021-01-20 14:02:00,"Hong Kong set to approve Pfizer-BioNTech COVID-19 vaccine before end of week - SCMP - Reuters","Hong Kong set to approve Pfizer-BioNTech COVID-19 vaccine before end of week - SCMP&nbsp;&nbsp;Reuters","https://www.reuters.com/article/health-coronavirus-hongkong-vaccine/hong-kong-set-to-approve-pfizer-biontech-covid-19-vaccine-before-end-of-week-scmp-idUSFWN2JV16D"
"23",2021-01-20 14:02:00,"COVID SCIENCE-S. African virus variant may resist antibody drugs; Pfizer/BioNTech vaccine seems to work vs UK variant - Yahoo Finance","COVID SCIENCE-S. African virus variant may resist antibody drugs; Pfizer/BioNTech vaccine seems to work vs UK variant&nbsp;&nbsp;Yahoo Finance","https://finance.yahoo.com/news/covid-science-african-virus-variant-200544988.html"
"24",2021-01-20 14:02:00,"From the lab to the jab: The BioNTech-Pfizer vaccine - RTE.ie","From the lab to the jab: The BioNTech-Pfizer vaccine&nbsp;&nbsp;RTE.ie","https://www.rte.ie/news/coronavirus/2020/1226/1186542-covid-19-vaccine/"
"25",2021-01-20 14:02:00,"France, Romania Receive First Doses of Pfizer BioNTech COVID-19 Vaccine - Voice of America","France, Romania Receive First Doses of Pfizer BioNTech COVID-19 Vaccine&nbsp;&nbsp;Voice of America","https://www.voanews.com/covid-19-pandemic/france-romania-receive-first-doses-pfizer-biontech-covid-19-vaccine"
"26",2021-01-20 14:02:00,"DPM Heng gets first dose of COVID-19 vaccine, says Pfizer-BionTech shot safe for former stroke patients - CNA","DPM Heng gets first dose of COVID-19 vaccine, says Pfizer-BionTech shot safe for former stroke patients&nbsp;&nbsp;CNA","https://www.channelnewsasia.com/news/singapore/covid-19-vaccine-heng-swee-keat-first-dose-pfizer-biontech-14003520"
"27",2021-01-20 14:02:00,"Pfizer-BioNTech vaccine protects against key mutation found in fast-spreading virus variants, study shows - The Washington Post","Pfizer-BioNTech vaccine protects against key mutation found in fast-spreading virus variants, study shows&nbsp;&nbsp;The Washington Post","https://www.washingtonpost.com/health/2021/01/08/pfizer-vaccine-protection-virus-variants/"
"28",2021-01-20 14:02:00,"BioNTech-Pfizer delays COVID vaccine deliveries to 8 EU nations - DW (English)","BioNTech-Pfizer delays COVID vaccine deliveries to 8 EU nations&nbsp;&nbsp;DW (English)","https://www.dw.com/en/biontech-pfizer-delays-covid-vaccine-deliveries-to-8-eu-nations/a-56074466"
"29",2021-01-20 14:02:00,"Malaysia expects to receive BioNTech/Pfizer vaccine - Anadolu Agency","Malaysia expects to receive BioNTech/Pfizer vaccine&nbsp;&nbsp;Anadolu Agency","https://www.aa.com.tr/en/latest-on-coronavirus-outbreak/malaysia-expects-to-receive-biontech-pfizer-vaccine/2106109"
"30",2021-01-20 14:02:00,"Over 6,00,000 UK Citizens Receive First Dose Of Pfizer-BioNTech Vaccine - NDTV","Over 6,00,000 UK Citizens Receive First Dose Of Pfizer-BioNTech Vaccine&nbsp;&nbsp;NDTV","https://www.ndtv.com/world-news/over-600-000-uk-citizens-receive-first-dose-of-pfizer-biontech-vaccine-2343348"
"31",2021-01-20 14:02:00,"Covid-19 roundup: BioNTech offers data showing Pfizer-partnered vaccine protects against variant; Novavax attributes responsibility for PhIII delay to OWS - Endpoints News","Covid-19 roundup: BioNTech offers data showing Pfizer-partnered vaccine protects against variant; Novavax attributes responsibility for PhIII delay to OWS&nbsp;&nbsp;Endpoints News","https://endpts.com/covid-19-roundup-biontech-offers-data-showing-pfizer-partnered-vaccine-protects-against-variant-novavax-attributes-responsibility-for-phiii-delay-to-ows/"
"32",2021-01-20 14:02:00,"Pfizer-BioNTech vaccine: All you want to know - Gulf News","Pfizer-BioNTech vaccine: All you want to know&nbsp;&nbsp;Gulf News","https://gulfnews.com/special-reports/pfizer-biontech-vaccine-all-you-want-to-know-1.76083278"
"33",2021-01-20 14:02:00,"Davao to get Pfizer-BionTech COVID-19 vaccines in February - Minda News","Davao to get Pfizer-BionTech COVID-19 vaccines in February&nbsp;&nbsp;Minda News","https://www.mindanews.com/top-stories/2021/01/davao-to-get-pfizer-biontech-covid-19-vaccines-in-february/"
"34",2021-01-20 14:02:00,"BioNTech says Turkey to receive 4.5 million coronavirus vaccine doses by March | Daily Sabah - Daily Sabah","BioNTech says Turkey to receive 4.5 million coronavirus vaccine doses by March | Daily Sabah&nbsp;&nbsp;Daily Sabah","https://www.dailysabah.com/turkey/biontech-says-turkey-to-receive-45-million-coronavirus-vaccine-doses-by-march/news"
"35",2021-01-20 14:02:00,"EU is asked to approve extra dose from Pfizer vaccine vials, allowing supplies to go further - CNBC","EU is asked to approve extra dose from Pfizer vaccine vials, allowing supplies to go further&nbsp;&nbsp;CNBC","https://www.cnbc.com/2020/12/29/eu-is-asked-to-approve-extra-dose-from-pfizer-vaccine-vials.html"
"36",2021-01-20 14:02:00,"Pfizer-BionTech shot safe for former stroke patients - The Independent","Pfizer-BionTech shot safe for former stroke patients&nbsp;&nbsp;The Independent","https://theindependent.sg/pfizer-biontech-shot-safe-for-former-stroke-patients/"
"37",2021-01-20 14:02:00,"Finland confirms first adverse reaction to Pfizer/BioNTech COVID-19 vaccine - Mint","Finland confirms first adverse reaction to Pfizer/BioNTech COVID-19 vaccine&nbsp;&nbsp;Mint","https://www.livemint.com/news/world/finland-confirms-first-adverse-reaction-to-pfizer-biontech-covid-19-vaccine-11609597093520.html"
"38",2021-01-20 14:02:00,"Biontech/Pfizer: 4.600 fewer doses for Luxembourg in short-term as Biontech/Pfizer temporarily reduce delivery - RTL Today","Biontech/Pfizer: 4.600 fewer doses for Luxembourg in short-term as Biontech/Pfizer temporarily reduce delivery&nbsp;&nbsp;RTL Today","https://today.rtl.lu/news/luxembourg/a/1650144.html"
"39",2021-01-20 14:02:00,"BioNTech, Pfizer’s vaccine partner, warns against delaying 2nd dose - The Times of Israel","BioNTech, Pfizer’s vaccine partner, warns against delaying 2nd dose&nbsp;&nbsp;The Times of Israel","https://www.timesofisrael.com/biontech-pfizers-vaccine-partner-warns-against-delaying-2nd-dose/"
"40",2021-01-20 14:02:00,"Science News Roundup: Pfizer/BioNTech vaccine seems to work vs UK variant; Chinese scientists develop gene therapy which could delay ageing - Devdiscourse","Science News Roundup: Pfizer/BioNTech vaccine seems to work vs UK variant; Chinese scientists develop gene therapy which could delay ageing&nbsp;&nbsp;Devdiscourse","https://www.devdiscourse.com/article/science-environment/1416347-science-news-roundup-pfizerbiontech-vaccine-seems-to-work-vs-uk-variant-chinese-scientists-develop-gene-therapy-which-coul"
"41",2021-01-20 14:02:00,"EU in discussions with Pfizer-BioNTech for additional vaccine doses - Reuters","EU in discussions with Pfizer-BioNTech for additional vaccine doses&nbsp;&nbsp;Reuters","https://www.reuters.com/article/health-coronavirus-eu-pfizer/eu-in-discussions-with-pfizer-biontech-for-additional-vaccine-doses-idUSB5N2B301K?edition-redirect=uk"
"42",2021-01-20 14:02:00,"Portuguese nurse dies two days after taking Pfizer-BioNTechs coronavirus vaccine: Report - Republic World","Portuguese nurse dies two days after taking Pfizer-BioNTechs coronavirus vaccine: Report&nbsp;&nbsp;Republic World","https://www.republicworld.com/world-news/rest-of-the-world-news/portuguese-nurse-dies-two-days-after-taking-pfizer-biontechs-coronavirus-vaccine-report.html"
"43",2021-01-20 14:02:00,"Spain will administer two doses of BioNTech-Pfizer vaccine, minister says - Reuters","Spain will administer two doses of BioNTech-Pfizer vaccine, minister says&nbsp;&nbsp;Reuters","https://www.reuters.com/article/us-health-coronavirus-spain-vaccine/spain-will-administer-two-doses-of-biontech-pfizer-vaccine-minister-says-idUSKBN29924R"
"44",2021-01-20 14:02:00,"European regulator approves drawing six doses from each vial of BioNTech-Pfizer vaccine, boosting available shots by 20% - ABC News","European regulator approves drawing six doses from each vial of BioNTech-Pfizer vaccine, boosting available shots by 20%&nbsp;&nbsp;ABC News","https://abcnews.go.com/Health/wireStory/european-regulator-approves-drawing-doses-vial-biontech-pfizer-75128857"
"45",2021-01-20 14:02:00,"Luxembourg drops order for more vaccine from BioNTech/Pfizer - Luxembourg Times","Luxembourg drops order for more vaccine from BioNTech/Pfizer&nbsp;&nbsp;Luxembourg Times","https://luxtimes.lu/luxembourg/42717-luxembourg-drops-order-for-more-vaccine-from-biontech/pfizer"
"46",2021-01-20 14:02:00,"Covid-19: BioNTech/Pfizer Will Not Submit Vaccine for Emergency Use in Brazil - The Rio Times","Covid-19: BioNTech/Pfizer Will Not Submit Vaccine for Emergency Use in Brazil&nbsp;&nbsp;The Rio Times","https://riotimesonline.com/brazil-news/miscellaneous/covid-19/covid-19-biontech-pfizer-will-not-submit-its-vaccine-for-emergency-use-in-brazil/"
"47",2021-01-20 14:02:00,"New Zealand’s delayed vaccine rollout threatens early Covid success - Financial Times","New Zealand’s delayed vaccine rollout threatens early Covid success&nbsp;&nbsp;Financial Times","https://www.ft.com/content/bb1de4e4-7b42-43a0-b118-bb35719daca1"
"48",2021-01-20 14:02:00,"Vaccine myths running rampant online among all age groups, Ontario docs say - CP24 Toronto's Breaking News","Vaccine myths running rampant online among all age groups, Ontario docs say&nbsp;&nbsp;CP24 Toronto's Breaking News","https://www.cp24.com/news/vaccine-myths-running-rampant-online-among-all-age-groups-ontario-docs-say-1.5275815"
"49",2021-01-20 14:02:00,"Regulatory approval of Pfizer/BioNTech vaccine for COVID-19 - GOV.UK","Regulatory approval of Pfizer/BioNTech vaccine for COVID-19&nbsp;&nbsp;GOV.UK","https://www.gov.uk/government/publications/regulatory-approval-of-pfizer-biontech-vaccine-for-covid-19"
"50",2021-01-20 14:02:00,"How does the Pfizer/BioNTech vaccine work and who will get it? - The Guardian","How does the Pfizer/BioNTech vaccine work and who will get it?&nbsp;&nbsp;The Guardian","https://www.theguardian.com/world/2020/dec/02/how-does-the-pfizerbiontech-covid-vaccine-work-and-who-will-get-it"
"51",2021-01-20 14:02:00,"Inside BioNTech-Pfizer's groundbreaking Covid vaccine - Financial Times","Inside BioNTech-Pfizer's groundbreaking Covid vaccine&nbsp;&nbsp;Financial Times","https://www.ft.com/content/74e41528-80c3-4b0f-b343-be43d90f0311"
"52",2021-01-20 14:02:00,"Information for UK recipients on Pfizer/BioNTech COVID-19 vaccine - GOV.UK","Information for UK recipients on Pfizer/BioNTech COVID-19 vaccine&nbsp;&nbsp;GOV.UK","https://www.gov.uk/government/publications/regulatory-approval-of-pfizer-biontech-vaccine-for-covid-19/information-for-uk-recipients-on-pfizerbiontech-covid-19-vaccine"
"53",2021-01-20 14:02:00,"BioNTech and Pfizer raise hopes with breakthrough Covid-19 vaccine - Financial Times","BioNTech and Pfizer raise hopes with breakthrough Covid-19 vaccine&nbsp;&nbsp;Financial Times","https://www.ft.com/content/497594f4-7771-4af5-98dc-8c98487ea212"
"54",2021-01-20 14:02:00,"Information for Healthcare Professionals on Pfizer/BioNTech COVID-19 vaccine - GOV.UK","Information for Healthcare Professionals on Pfizer/BioNTech COVID-19 vaccine&nbsp;&nbsp;GOV.UK","https://www.gov.uk/government/publications/regulatory-approval-of-pfizer-biontech-vaccine-for-covid-19/information-for-healthcare-professionals-on-pfizerbiontech-covid-19-vaccine"
"55",2021-01-20 14:02:00,"Coronavirus: Commission approves contract with BioNTech-Pfizer alliance to ensure access to a potential vaccine - EU News","Coronavirus: Commission approves contract with BioNTech-Pfizer alliance to ensure access to a potential vaccine&nbsp;&nbsp;EU News","https://ec.europa.eu/commission/presscorner/detail/en/ip_20_2081"
"56",2021-01-20 14:02:00,"Pfizer and BioNTech submit Covid vaccine for US approval - Financial Times","Pfizer and BioNTech submit Covid vaccine for US approval&nbsp;&nbsp;Financial Times","https://www.ft.com/content/ab89d77a-fdb6-4527-8e4a-e3041ba79716"
"57",2021-01-20 14:02:00,"Pfizer and BioNTech's Covid-19 vaccine found to be 90% effective - Financial Times","Pfizer and BioNTech's Covid-19 vaccine found to be 90% effective&nbsp;&nbsp;Financial Times","https://www.ft.com/content/9bde4bff-acf0-4c2a-a0d0-5ed597186496"
"58",2021-01-20 14:02:00,"Germany's Spahn: Will receive more than 130 million doses of BioNTech/Pfizer and Moderna vaccines - FXStreet","Germany's Spahn: Will receive more than 130 million doses of BioNTech/Pfizer and Moderna vaccines&nbsp;&nbsp;FXStreet","https://www.fxstreet.com/news/germanys-spahn-will-receive-more-than-130-million-doses-of-biontech-pfizer-and-moderna-vaccines-202101061131"
"59",2021-01-20 14:02:00,"Boris Johnson says UK ready to deploy tweaked vaccines - Financial Times","Boris Johnson says UK ready to deploy tweaked vaccines&nbsp;&nbsp;Financial Times","https://www.ft.com/content/4c608be6-2546-4050-a6bc-4df6f47ab89e"
"60",2021-01-20 14:02:00,"Everything you need to know about the Pfizer/BioNTech covid-19 vaccine - New Scientist News","Everything you need to know about the Pfizer/BioNTech covid-19 vaccine&nbsp;&nbsp;New Scientist News","https://www.newscientist.com/article/2261805-everything-you-need-to-know-about-the-pfizer-biontech-covid-19-vaccine/"
"61",2021-01-20 14:02:00,"US authorises Pfizer and BioNTech's Covid-19 vaccine - Financial Times","US authorises Pfizer and BioNTech's Covid-19 vaccine&nbsp;&nbsp;Financial Times","https://www.ft.com/content/a0954c6b-6462-4317-b2f2-9f56be045744"
"62",2021-01-20 14:02:00,"UK set to approve Pfizer-BioNTech Covid vaccine within days - Financial Times","UK set to approve Pfizer-BioNTech Covid vaccine within days&nbsp;&nbsp;Financial Times","https://www.ft.com/content/ebd9ca50-c2d7-4b0e-afd5-e90e93c0c495"
"63",2021-01-20 14:02:00,"US regulator to move quickly on Pfizer/BioNTech vaccine - Financial Times","US regulator to move quickly on Pfizer/BioNTech vaccine&nbsp;&nbsp;Financial Times","https://www.ft.com/content/246f817c-aa23-4c26-ab1a-04b46003c69b"
"64",2021-01-20 14:02:00,"Pfizer and BioNTech could make $13bn from coronavirus vaccine - The Guardian","Pfizer and BioNTech could make $13bn from coronavirus vaccine&nbsp;&nbsp;The Guardian","https://www.theguardian.com/business/2020/nov/10/pfizer-and-biontech-could-make-13bn-from-coronavirus-vaccine"
"65",2021-01-20 14:02:00,"Pfizer-BioNTech trial data show vaccine to be even more effective - Financial Times","Pfizer-BioNTech trial data show vaccine to be even more effective&nbsp;&nbsp;Financial Times","https://www.ft.com/content/cd7973f0-3f06-4a54-a79e-1f705a80fc2d"
"66",2021-01-20 14:02:00,"EU fast-tracks process for Pfizer and BioNTech’s Covid-19 vaccine - Financial Times","EU fast-tracks process for Pfizer and BioNTech’s Covid-19 vaccine&nbsp;&nbsp;Financial Times","https://www.ft.com/content/e9ebc6b0-9fa8-4725-a673-b7b14931c391"
"67",2021-01-20 14:02:00,"US offers to help increase production of Pfizer/BioNTech Covid vaccine - Financial Times","US offers to help increase production of Pfizer/BioNTech Covid vaccine&nbsp;&nbsp;Financial Times","https://www.ft.com/content/3c21ae81-3504-4d11-8784-c1b67458a0ca"
"68",2021-01-20 14:02:00,"Summary of the Public Assessment Report for Pfizer/BioNTech COVID-19 vaccine - GOV.UK","Summary of the Public Assessment Report for Pfizer/BioNTech COVID-19 vaccine&nbsp;&nbsp;GOV.UK","https://www.gov.uk/government/publications/regulatory-approval-of-pfizer-biontech-vaccine-for-covid-19/summary-public-assessment-report-for-pfizerbiontech-covid-19-vaccine"
"69",2021-01-20 14:02:00,"Conditions of Authorisation for Pfizer/BioNTech COVID-19 vaccine - GOV.UK","Conditions of Authorisation for Pfizer/BioNTech COVID-19 vaccine&nbsp;&nbsp;GOV.UK","https://www.gov.uk/government/publications/regulatory-approval-of-pfizer-biontech-vaccine-for-covid-19/conditions-of-authorisation-for-pfizerbiontech-covid-19-vaccine"
"70",2021-01-20 14:02:00,"Pfizer 'ready to roll' if BioNTech COVID-19 shot is approved - - pharmaphorum","Pfizer 'ready to roll' if BioNTech COVID-19 shot is approved -&nbsp;&nbsp;pharmaphorum","https://pharmaphorum.com/news/pfizer-ready-to-roll-if-biontech-covid-19-shot-is-approved/"
"71",2021-01-20 14:02:00,"BioNTech and Pfizer’s Covid-19 vaccine trial yields positive results - Financial Times","BioNTech and Pfizer’s Covid-19 vaccine trial yields positive results&nbsp;&nbsp;Financial Times","https://www.ft.com/content/65d0b33a-f12a-4878-ac87-da4835683949"
"72",2021-01-20 14:02:00,"Inside the hunt for a Covid-19 vaccine: how BioNTech made the breakthrough - Financial Times","Inside the hunt for a Covid-19 vaccine: how BioNTech made the breakthrough&nbsp;&nbsp;Financial Times","https://www.ft.com/content/c4ca8496-a215-44b1-a7eb-f88568fc9de9"
"73",2021-01-20 14:02:00,"US science panel backs Pfizer/BioNTech's Covid-19 vaccine - Financial Times","US science panel backs Pfizer/BioNTech's Covid-19 vaccine&nbsp;&nbsp;Financial Times","https://www.ft.com/content/7bb4aaeb-bdf0-43c6-b30d-6f78c7b01a19"
"74",2021-01-20 14:02:00,"EU to buy up to 300m doses of BioNTech-Pfizer's Covid vaccine - Financial Times","EU to buy up to 300m doses of BioNTech-Pfizer's Covid vaccine&nbsp;&nbsp;Financial Times","https://www.ft.com/content/4c33d9bf-5ed9-43d4-b907-4d79d71599cf"
"75",2021-01-20 14:02:00,"Canada prepares to roll out Pfizer/BioNTech vaccine next week - Financial Times","Canada prepares to roll out Pfizer/BioNTech vaccine next week&nbsp;&nbsp;Financial Times","https://www.ft.com/content/46b27627-e083-404c-b6c1-d9e8553b49e3"
"76",2021-01-20 14:02:00,"Government welcomes the MHRA review into Pfizer and BioNTech vaccine - GOV.UK","Government welcomes the MHRA review into Pfizer and BioNTech vaccine&nbsp;&nbsp;GOV.UK","https://www.gov.uk/government/news/government-welcomes-the-mhra-review-into-pfizer-and-biontech-vaccine"
"77",2021-01-20 14:02:00,"Scientist behind BioNTech/Pfizer vaccine says it can end pandemic - The Guardian","Scientist behind BioNTech/Pfizer vaccine says it can end pandemic&nbsp;&nbsp;The Guardian","https://www.theguardian.com/world/2020/nov/12/scientist-behind-biontech-pfizer-coronavirus-vaccine-says-it-can-end-pandemic"
"78",2021-01-20 14:02:00,"COVID-19: Is Pfizer-BioNTech vaccine safe and will it work? - Your questions answered - Sky News","COVID-19: Is Pfizer-BioNTech vaccine safe and will it work? - Your questions answered&nbsp;&nbsp;Sky News","https://news.sky.com/story/covid-19-is-pfizer-biontech-vaccine-safe-and-will-it-work-your-questions-answered-12130864"
"79",2021-01-20 14:02:00,"Pfizer/BioNTech vaccine starts working 10 days after first dose, says FDA - Financial Times","Pfizer/BioNTech vaccine starts working 10 days after first dose, says FDA&nbsp;&nbsp;Financial Times","https://www.ft.com/content/b9ab187c-2d93-4e17-b370-e53c7b0a2886"
"80",2021-01-20 14:02:00,"Pfizer, BioNTech apply for Covid vaccine approval in Europe - CNBC","Pfizer, BioNTech apply for Covid vaccine approval in Europe&nbsp;&nbsp;CNBC","https://www.cnbc.com/2020/12/01/pfizer-biontech-apply-for-coronavirus-vaccine-approval-in-europe.html"
"81",2021-01-20 14:02:00,"Pfizer, BioNTech Near 2020 Vaccine Target, Easing Output Concern - Bloomberg","Pfizer, BioNTech Near 2020 Vaccine Target, Easing Output Concern&nbsp;&nbsp;Bloomberg","https://www.bloomberg.com/news/articles/2020-12-04/pfizer-biontech-already-made-most-of-this-year-s-vaccine-doses"
"82",2021-01-20 14:02:00,"Pfizer/BioNTech say vaccine works in 90% of COVID-19 patients - - pharmaphorum","Pfizer/BioNTech say vaccine works in 90% of COVID-19 patients -&nbsp;&nbsp;pharmaphorum","https://pharmaphorum.com/news/pfizer-biontech/"
"83",2021-01-20 14:02:00,"Coronavirus - EU News","Coronavirus&nbsp;&nbsp;EU News","https://ec.europa.eu/commission/presscorner/detail/en/ip_20_1556"
"84",2021-01-20 14:02:00,"Pfizer and BioNTech Provide Data from German Phase 1/2 Study Further Characterizing Immune Response Following Immunization with Lead COVID-19 Vaccine Candidate BNT162b2 - GlobeNewswire","Pfizer and BioNTech Provide Data from German Phase 1/2 Study Further Characterizing Immune Response Following Immunization with Lead COVID-19 Vaccine Candidate BNT162b2&nbsp;&nbsp;GlobeNewswire","https://www.globenewswire.com/news-release/2020/12/14/2144325/0/en/Pfizer-and-BioNTech-Provide-Data-from-German-Phase-1-2-Study-Further-Characterizing-Immune-Response-Following-Immunization-with-Lead-COVID-19-Vaccine-Candidate-BNT162b2.html"
"85",2021-01-20 14:02:00,"Game on: Pfizer, BioNTech prepare to put COVID-19 shot distribution plan to the test after interim readout - FiercePharma","Game on: Pfizer, BioNTech prepare to put COVID-19 shot distribution plan to the test after interim readout&nbsp;&nbsp;FiercePharma","https://www.fiercepharma.com/manufacturing/game-pfizer-biontech-prepare-to-put-covid-19-shot-distribution-plan-to-test-after"
"86",2021-01-20 14:02:00,"UK approves Pfizer-BioNTech vaccine for use in world first - Aljazeera.com","UK approves Pfizer-BioNTech vaccine for use in world first&nbsp;&nbsp;Aljazeera.com","https://www.aljazeera.com/news/2020/12/2/uk-approves-pfizer-biontech-vaccine-for-use-first-in-the-world"
"87",2021-01-20 14:02:00,"What you need to know about BioNTech — the European company behind Pfizer's Covid-19 vaccine - CNBC","What you need to know about BioNTech — the European company behind Pfizer's Covid-19 vaccine&nbsp;&nbsp;CNBC","https://www.cnbc.com/2020/11/11/biontech-the-european-company-behind-pfizers-covid-19-vaccine.html"
"88",2021-01-20 14:02:00,"Pfizer/BioNTech say EMA breach exposed vaccine documents - Financial Times","Pfizer/BioNTech say EMA breach exposed vaccine documents&nbsp;&nbsp;Financial Times","https://www.ft.com/content/c270a4bd-b842-4bc6-8971-471d037ebcb1"
"89",2021-01-20 14:02:00,"Switzerland approves Pfizer/BioNTech coronavirus vaccine for use - POLITICO.eu","Switzerland approves Pfizer/BioNTech coronavirus vaccine for use&nbsp;&nbsp;POLITICO.eu","https://www.politico.eu/article/switzerland-approves-biontech-pfizer-coronavirus-vaccine-europe/"
"90",2021-01-20 14:02:00,"Pfizer and BioNTech’s vaccine poses global logistics challenge - The Guardian","Pfizer and BioNTech’s vaccine poses global logistics challenge&nbsp;&nbsp;The Guardian","https://www.theguardian.com/business/2020/nov/10/pfizer-and-biontechs-vaccine-poses-global-logistics-challenge"
"91",2021-01-20 14:02:00,"Pfizer, BioNTech set to price COVID-19 vaccine 'well below typical market rates' - PMLiVE","Pfizer, BioNTech set to price COVID-19 vaccine 'well below typical market rates'&nbsp;&nbsp;PMLiVE","http://www.pmlive.com/pharma_news/pfizer,_biontech_set_to_price_covid-19_vaccine_well_below_typical_market_rates_1356772"
"92",2021-01-20 14:02:00,"Pfizer Joins Forces With BioNTech For COVID-19 Vaccine Co-Development - Forbes","Pfizer Joins Forces With BioNTech For COVID-19 Vaccine Co-Development&nbsp;&nbsp;Forbes","https://www.forbes.com/sites/jimvinoski/2020/03/17/pfizer-joins-forces-with-biontech-for-covid-19-vaccine-co-development/"
"93",2021-01-20 14:02:00,"Pfizer/BioNTech COVID-19 vaccine set for roll-out in Germany this month - PMLiVE","Pfizer/BioNTech COVID-19 vaccine set for roll-out in Germany this month&nbsp;&nbsp;PMLiVE","http://www.pmlive.com/pharma_news/pfizerbiontech_covid-19_vaccine_set_for_roll-out_in_germany_this_month_1360175"
"94",2021-01-20 14:02:00,"Pfizer, BioNTech identify and advance lead COVID-19 vaccine candidate - PMLiVE","Pfizer, BioNTech identify and advance lead COVID-19 vaccine candidate&nbsp;&nbsp;PMLiVE","http://www.pmlive.com/pharma_news/pfizer,_biontech_identify_and_advance_lead_covid-19_vaccine_candidate_1345718"
"95",2021-01-20 14:02:00,"Pfizer, BioNTech to ramp up COVID-19 vaccine tests, plot major trial boost in fall - FierceBiotech","Pfizer, BioNTech to ramp up COVID-19 vaccine tests, plot major trial boost in fall&nbsp;&nbsp;FierceBiotech","https://www.fiercebiotech.com/biotech/pfizer-biontech-to-ramp-up-covid-19-vaccine-tests-plots-major-trial-boost-fall"
"96",2021-01-20 14:02:00,"Pfizer, BioNTech finish dosing in COVID-19 vax test; emergency use could start in the fall - FierceBiotech","Pfizer, BioNTech finish dosing in COVID-19 vax test; emergency use could start in the fall&nbsp;&nbsp;FierceBiotech","https://www.fiercebiotech.com/biotech/pfizer-biontech-pfizer-finish-dosing-covid-19-vax-test-emergency-use-could-start-fall"
"97",2021-01-20 14:02:00,"Pfizer-BioNTech COVID-19 vaccine data 'open the floodgates' for mRNA in infectious disease. Other areas? Not so fast: analysts - FiercePharma","Pfizer-BioNTech COVID-19 vaccine data 'open the floodgates' for mRNA in infectious disease. Other areas? Not so fast: analysts&nbsp;&nbsp;FiercePharma","https://www.fiercepharma.com/pharma/pfizer-biontech-covid-vaccine-data-open-floodgates-for-mrna-infectious-disease-other-areas"
"98",2021-01-20 14:02:00,"BioNTech and Pfizer announce regulatory approval from German authority Paul-Ehrlich-Institut to commence first clinical trial of COVID-19 vaccine candidates - GlobeNewswire","BioNTech and Pfizer announce regulatory approval from German authority Paul-Ehrlich-Institut to commence first clinical trial of COVID-19 vaccine candidates&nbsp;&nbsp;GlobeNewswire","https://www.globenewswire.com/news-release/2020/04/22/2019785/0/en/BioNTech-and-Pfizer-announce-regulatory-approval-from-German-authority-Paul-Ehrlich-Institut-to-commence-first-clinical-trial-of-COVID-19-vaccine-candidates.html"
"99",2021-01-20 14:02:00,"Covid-19: Pfizer-BioNTech vaccine is rolled out in US - The BMJ","Covid-19: Pfizer-BioNTech vaccine is rolled out in US&nbsp;&nbsp;The BMJ","https://www.bmj.com/content/371/bmj.m4836"
"100",2021-01-20 14:02:00,"Pfizer, BioNTech gear up to produce 'millions' of COVID-19 vaccine doses by year-end - FiercePharma","Pfizer, BioNTech gear up to produce 'millions' of COVID-19 vaccine doses by year-end&nbsp;&nbsp;FiercePharma","https://www.fiercepharma.com/manufacturing/pfizer-biontech-could-have-millions-covid-19-vaccine-doses-ready-by-end-2020"
